,Group,Year,EC votes,Votes counted,Votes counted normalized,Votes counted %,EC votes normalized,Pop vote per EC vote,Average weight,State count,States in group
0,Small,1800,4.0,4512,6362.0,6.02,2.83,1128.0,1.41,1,RI
1,South,1800,43.0,70500,68385.0,93.98,44.17,1640.0,0.97,3,"MD,NC,VA"
2,Northeast,1800,0.0,0,0.0,0.0,0.0,0.0,0.0,0,
3,Midwest,1800,0.0,0,0.0,0.0,0.0,0.0,0.0,0,
4,West,1800,0.0,0,0.0,0.0,0.0,0.0,0.0,0,
5,Nat'l Average,1800,47.0,67282,67282.0,100.0,47.0,1596.0,1.0,16,4 of 16 held popular vote
6,Northeast,1804,54.0,109175,63321.0,75.77,93.23,2022.0,0.58,4,"MA,NH,NJ,PA"
7,Small,1804,7.0,4269,8196.0,2.96,3.65,610.0,1.92,2,"OH,RI"
8,South,1804,62.0,30636,72607.0,21.26,26.16,494.0,2.37,5,"KY,MD,NC,TN,VA"
9,Midwest,1804,0.0,0,0.0,0.0,0.0,0.0,0.0,0,
10,West,1804,0.0,0,0.0,0.0,0.0,0.0,0.0,0,
11,Nat'l Average,1804,123.0,144080,144080.0,100.0,123.0,1171.0,1.0,17,11 of 17 held popular vote
12,Northeast,1808,35.0,114488,65258.0,59.8,61.59,3271.0,0.57,3,"NH,NJ,PA"
13,Small,1808,7.0,11757,13050.0,6.14,6.32,1680.0,1.11,2,"OH,RI"
14,South,1808,61.0,65214,113472.0,34.06,35.08,1069.0,1.74,5,"KY,MD,NC,TN,VA"
15,Midwest,1808,0.0,0,0.0,0.0,0.0,0.0,0.0,0,
16,West,1808,0.0,0,0.0,0.0,0.0,0.0,0.0,0,
17,Nat'l Average,1808,103.0,192691,192691.0,100.0,103.0,1859.0,1.0,17,10 of 17 held popular vote
18,Midwest,1812,7.0,10721,16403.0,4.01,4.58,1532.0,1.53,1,OH
19,Northeast,1812,55.0,193408,129583.0,72.43,82.58,3517.0,0.67,3,"MA,NH,PA"
20,Small,1812,4.0,6116,9357.0,2.29,2.61,1529.0,1.53,1,RI
21,South,1812,48.0,56783,112430.0,21.26,24.25,1183.0,1.98,3,"KY,MD,VA"
22,West,1812,0.0,0,0.0,0.0,0.0,0.0,0.0,0,
23,Nat'l Average,1812,114.0,278786,278786.0,100.0,114.0,2342.0,1.0,18,8 of 18 held popular vote
24,Midwest,1816,8.0,3919,7681.0,3.52,4.08,490.0,1.96,1,OH
25,Northeast,1816,41.0,77404,39476.0,69.43,80.55,1888.0,0.51,3,"NH,NJ,PA"
26,Small,1816,4.0,1236,3844.0,1.11,1.29,309.0,3.11,1,RI
27,South,1816,63.0,28930,60464.0,25.95,30.1,459.0,2.09,4,"KY,MD,NC,VA"
28,West,1816,0.0,0,0.0,0.0,0.0,0.0,0.0,0,
29,Nat'l Average,1816,116.0,112370,112370.0,100.0,116.0,961.0,1.0,19,9 of 19 held popular vote
30,Midwest,1820,8.0,7198,5255.0,6.75,10.92,900.0,0.73,1,OH
31,Northeast,1820,73.0,77776,48221.0,72.89,118.02,1065.0,0.62,6,"CT,ME,MA,NH,NJ,PA"
32,Small,1820,10.0,2657,6589.0,2.49,4.03,266.0,2.48,3,"IL,MS,RI"
33,South,1820,71.0,19067,46714.0,17.87,28.93,269.0,2.45,5,"KY,MD,NC,TN,VA"
34,West,1820,0.0,0,0.0,0.0,0.0,0.0,0.0,0,
35,Nat'l Average,1820,162.0,108359,108359.0,100.0,162.0,659.0,1.0,24,15 of 24 held popular vote
36,Midwest,1824,21.0,65777,40124.0,17.98,34.15,3132.0,0.61,2,"IN,OH"
37,Northeast,1824,76.0,142449,146722.0,38.93,73.96,1874.0,1.03,6,"CT,ME,MA,NH,NJ,PA"
38,Small,1824,13.0,15183,25052.0,4.15,7.88,1168.0,1.65,4,"IL,MS,MO,RI"
39,South,1824,80.0,142360,153749.0,38.9,73.91,1780.0,1.08,6,"AL,KY,MD,NC,TN,VA"
40,West,1824,0.0,0,0.0,0.0,0.0,0.0,0.0,0,
41,Nat'l Average,1824,190.0,365928,365928.0,100.0,190.0,1926.0,1.0,24,18 of 24 held popular vote
42,Midwest,1828,21.0,170259,97048.0,14.83,36.63,8108.0,0.57,2,"IN,OH"
43,Northeast,1828,119.0,638874,555820.0,55.65,137.45,5369.0,0.87,8,"CT,ME,MA,NH,NJ,NY,PA,VT"
44,Small,1828,13.0,37800,60480.0,3.29,8.13,2908.0,1.6,4,"IL,MS,MO,RI"
45,South,1828,94.0,301085,436573.0,26.23,64.78,3203.0,1.45,8,"AL,GA,KY,LA,MD,NC,TN,VA"
46,West,1828,0.0,0,0.0,0.0,0.0,0.0,0.0,0,
47,Nat'l Average,1828,247.0,1148018,1148018.0,100.0,247.0,4648.0,1.0,24,22 of 24 held popular vote
48,Midwest,1832,35.0,226798,161027.0,17.76,49.21,6480.0,0.71,3,"IL,IN,OH"
49,Northeast,1832,126.0,768317,583921.0,60.18,166.7,6098.0,0.76,8,"CT,ME,MA,NH,NJ,NY,PA,VT"
50,Small,1832,15.0,24264,69152.0,1.9,5.26,1618.0,2.85,4,"DE,MS,MO,RI"
51,South,1832,101.0,264341,465240.0,20.71,57.35,2617.0,1.76,8,"AL,GA,KY,LA,MD,NC,TN,VA"
52,West,1832,0.0,0,0.0,0.0,0.0,0.0,0.0,0,
53,Nat'l Average,1832,277.0,1276659,1276659.0,100.0,277.0,4609.0,1.0,24,23 of 24 held popular vote
54,Midwest,1836,35.0,309681,185809.0,20.61,58.32,8848.0,0.6,3,"IL,IN,OH"
55,Northeast,1836,126.0,747240,672516.0,49.72,140.72,5930.0,0.9,8,"CT,ME,MA,NH,NJ,NY,PA,VT"
56,Small,1836,21.0,69361,111671.0,4.62,13.06,3303.0,1.61,6,"AR,DE,MI,MS,MO,RI"
57,South,1836,101.0,376484,534607.0,25.05,70.9,3728.0,1.42,8,"AL,GA,KY,LA,MD,NC,TN,VA"
58,West,1836,0.0,0,0.0,0.0,0.0,0.0,0.0,0,
59,Nat'l Average,1836,283.0,1502811,1502811.0,100.0,283.0,5310.0,1.0,26,25 of 26 held popular vote
60,Midwest,1840,35.0,483923,300032.0,20.06,56.77,13826.0,0.62,3,"IL,IN,OH"
61,Northeast,1840,126.0,1181258,1074945.0,48.96,138.56,9375.0,0.91,8,"CT,ME,MA,NH,NJ,NY,PA,VT"
62,Small,1840,21.0,165110,178319.0,6.84,19.37,7862.0,1.08,6,"AR,DE,MI,MS,MO,RI"
63,South,1840,101.0,582403,861956.0,24.14,68.32,5766.0,1.48,8,"AL,GA,KY,LA,MD,NC,TN,VA"
64,West,1840,0.0,0,0.0,0.0,0.0,0.0,0.0,0,
65,Nat'l Average,1840,283.0,2412694,2412694.0,100.0,283.0,8525.0,1.0,26,25 of 26 held popular vote
66,Midwest,1844,56.0,689708,572458.0,25.51,67.85,12316.0,0.83,5,"IL,IN,MI,MO,OH"
67,Northeast,1844,108.0,1273000,1094780.0,47.08,125.23,11787.0,0.86,8,"CT,ME,MA,NH,NJ,NY,PA,VT"
68,Small,1844,10.0,39693,101614.0,1.47,3.9,3969.0,2.56,3,"AR,DE,RI"
69,South,1844,92.0,705091,937771.0,26.08,69.36,7664.0,1.33,9,"AL,GA,KY,LA,MD,MS,NC,TN,VA"
70,West,1844,0.0,0,0.0,0.0,0.0,0.0,0.0,0,
71,Nat'l Average,1844,266.0,2703864,2703864.0,100.0,266.0,10165.0,1.0,26,25 of 26 held popular vote
72,Midwest,1848,56.0,743657,572616.0,25.85,72.64,13280.0,0.77,5,"IL,IN,MI,MO,OH"
73,Northeast,1848,108.0,1285028,1105124.0,44.67,125.52,11898.0,0.86,8,"CT,ME,MA,NH,NJ,NY,PA,VT"
74,Small,1848,25.0,124283,256023.0,4.32,12.14,4971.0,2.06,7,"AR,DE,FL,IA,RI,TX,WI"
75,South,1848,92.0,723811,940954.0,25.16,70.7,7868.0,1.3,9,"AL,GA,KY,LA,MD,MS,NC,TN,VA"
76,West,1848,0.0,0,0.0,0.0,0.0,0.0,0.0,0,
77,Nat'l Average,1848,281.0,2876818,2876818.0,100.0,281.0,10238.0,1.0,30,29 of 30 held popular vote
78,Midwest,1852,67.0,907754,735281.0,28.73,82.74,13549.0,0.81,6,"IL,IN,MI,MO,OH,WI"
79,Northeast,1852,106.0,1363394,1158885.0,43.15,124.27,12862.0,0.85,8,"CT,ME,MA,NH,NJ,NY,PA,VT"
80,Small,1852,26.0,187169,284497.0,5.92,17.06,7199.0,1.52,7,"AR,CA,DE,FL,IA,RI,TX"
81,South,1852,89.0,700843,974172.0,22.18,63.88,7875.0,1.39,9,"AL,GA,KY,LA,MD,MS,NC,TN,VA"
82,West,1852,0.0,0,0.0,0.0,0.0,0.0,0.0,0,
83,Nat'l Average,1852,288.0,3159640,3159640.0,100.0,288.0,10971.0,1.0,31,30 of 31 held popular vote
84,Midwest,1856,67.0,1212821,946000.0,29.93,86.21,18102.0,0.78,6,"IL,IN,MI,MO,OH,WI"
85,Northeast,1856,106.0,1636631,1489334.0,40.39,116.34,15440.0,0.91,8,"CT,ME,MA,NH,NJ,NY,PA,VT"
86,Small,1856,26.0,327617,366931.0,8.09,23.29,12601.0,1.12,7,"AR,CA,DE,FL,IA,RI,TX"
87,South,1856,89.0,874517,1250559.0,21.58,62.16,9826.0,1.43,9,"AL,GA,KY,LA,MD,MS,NC,TN,VA"
88,West,1856,0.0,0,0.0,0.0,0.0,0.0,0.0,0,
89,Nat'l Average,1856,288.0,4051605,4051605.0,100.0,288.0,14068.0,1.0,31,30 of 31 held popular vote
90,Midwest,1860,67.0,1516962,1061873.0,32.4,95.59,22641.0,0.7,6,"IL,IN,MI,MO,OH,WI"
91,Northeast,1860,106.0,1734861,1682815.0,37.06,109.32,16367.0,0.97,8,"CT,ME,MA,NH,NJ,NY,PA,VT"
92,Small,1860,33.0,464637,525040.0,9.93,29.28,14080.0,1.13,9,"AR,CA,DE,FL,IA,MN,OR,RI,TX"
93,South,1860,89.0,964871,1408712.0,20.61,60.8,10841.0,1.46,9,"AL,GA,KY,LA,MD,MS,NC,TN,VA"
94,West,1860,0.0,0,0.0,0.0,0.0,0.0,0.0,0,
95,Nat'l Average,1860,295.0,4681335,4681335.0,100.0,295.0,15869.0,1.0,33,32 of 33 held popular vote
96,Midwest,1864,85.0,1651550,1469880.0,40.96,95.44,19430.0,0.89,7,"IL,IN,IA,MI,MO,OH,WI"
97,Northeast,1864,101.0,1935822,1742240.0,48.01,111.87,19167.0,0.9,8,"CT,ME,MA,NH,NJ,NY,PA,VT"
98,Small,1864,19.0,138741,328816.0,3.44,8.02,7302.0,2.37,6,"DE,KS,MN,NV,OR,RI"
99,South,1864,23.0,199857,397715.0,4.96,11.55,8689.0,1.99,3,"KY,MD,WV"
100,West,1864,5.0,105890,86830.0,2.63,6.12,21178.0,0.82,1,CA
101,Nat'l Average,1864,233.0,4031887,4031887.0,100.0,233.0,17304.0,1.0,25,25 of 25 held popular vote
102,Midwest,1868,85.0,2077890,1662312.0,36.31,105.66,24446.0,0.8,7,"IL,IN,IA,MI,MO,OH,WI"
103,Northeast,1868,101.0,2200183,1980165.0,38.45,111.88,21784.0,0.9,8,"CT,ME,MA,NH,NJ,NY,PA,VT"
104,Small,1868,23.0,202635,451876.0,3.54,10.3,8810.0,2.23,7,"DE,KS,MN,NE,NV,OR,RI"
105,South,1868,77.0,1133452,1518826.0,19.81,57.64,14720.0,1.34,10,"AL,AR,GA,KY,LA,MD,NC,SC,TN,WV"
106,West,1868,5.0,108656,97790.0,1.9,5.53,21731.0,0.9,1,CA
107,Nat'l Average,1868,291.0,5722440,5722440.0,100.0,291.0,19665.0,1.0,34,33 of 34 held popular vote
108,Midwest,1872,115.0,2405218,2044435.0,37.16,136.02,20915.0,0.85,9,"IL,IN,IA,KS,MI,MN,MO,OH,WI"
109,Northeast,1872,109.0,2060676,1937035.0,31.84,116.53,18905.0,0.94,8,"CT,ME,MA,NH,NJ,NY,PA,VT"
110,Small,1872,20.0,134734,353003.0,2.08,7.62,6737.0,2.62,6,"DE,FL,NE,NV,OR,RI"
111,South,1872,116.0,1775570,2059661.0,27.43,100.41,15307.0,1.16,13,"AL,AR,GA,KY,LA,MD,MS,NC,SC,TN,TX,VA,WV"
112,West,1872,6.0,95785,106321.0,1.48,5.42,15964.0,1.11,1,CA
113,Nat'l Average,1872,366.0,6471983,6471983.0,100.0,366.0,17683.0,1.0,37,37 of 37 held popular vote
114,Midwest,1876,115.0,3119111,2651244.0,37.05,135.6,27123.0,0.85,9,"IL,IN,IA,KS,MI,MN,MO,OH,WI"
115,Northeast,1876,109.0,2638182,2506273.0,31.34,114.69,24204.0,0.95,8,"CT,ME,MA,NH,NJ,NY,PA,VT"
116,Small,1876,20.0,196436,459660.0,2.33,8.54,9822.0,2.34,6,"DE,FL,NE,NV,OR,RI"
117,South,1876,116.0,2309146,2678609.0,27.43,100.39,19906.0,1.16,13,"AL,AR,GA,KY,LA,MD,MS,NC,SC,TN,TX,VA,WV"
118,West,1876,6.0,155784,138648.0,1.85,6.77,25964.0,0.89,1,CA
119,Nat'l Average,1876,366.0,8418659,8418659.0,100.0,366.0,23002.0,1.0,38,37 of 38 held popular vote
120,Midwest,1880,115.0,3513729,2881258.0,38.11,140.63,30554.0,0.82,9,"IL,IN,IA,KS,MI,MN,MO,OH,WI"
121,Northeast,1880,109.0,2935043,2729590.0,31.84,117.47,26927.0,0.93,8,"CT,ME,MA,NH,NJ,NY,PA,VT"
122,Small,1880,23.0,310543,574505.0,3.37,12.43,13502.0,1.85,7,"CO,DE,FL,NE,NV,OR,RI"
123,South,1880,116.0,2297621,2895002.0,24.92,91.96,19807.0,1.26,13,"AL,AR,GA,KY,LA,MD,MS,NC,SC,TN,TX,VA,WV"
124,West,1880,6.0,164245,149463.0,1.78,6.57,27374.0,0.91,1,CA
125,Nat'l Average,1880,369.0,9219477,9219477.0,100.0,369.0,24985.0,1.0,38,All 37
126,Midwest,1884,134.0,4082169,3347379.0,40.58,162.71,30464.0,0.82,10,"IL,IN,IA,KS,MI,MN,MO,NE,OH,WI"
127,Northeast,1884,101.0,2903085,2525684.0,28.86,115.72,28743.0,0.87,6,"CT,ME,MA,NJ,NY,PA"
128,Small,1884,28.0,398730,701765.0,3.96,15.89,14240.0,1.76,8,"CO,DE,FL,NV,NH,OR,RI,VT"
129,South,1884,130.0,2479173,3272508.0,24.64,98.82,19071.0,1.32,13,"AL,AR,GA,KY,LA,MD,MS,NC,SC,TN,TX,VA,WV"
130,West,1884,8.0,196988,200928.0,1.96,7.85,24624.0,1.02,1,CA
131,Nat'l Average,1884,401.0,10060145,10060145.0,100.0,401.0,25088.0,1.0,38,All 37
132,Midwest,1888,134.0,4677654,3788900.0,41.07,164.7,34908.0,0.81,10,"IL,IN,IA,KS,MI,MN,MO,NE,OH,WI"
133,Northeast,1888,101.0,3247591,2857880.0,28.52,114.35,32154.0,0.88,6,"CT,ME,MA,NJ,NY,PA"
134,Small,1888,28.0,459403,794767.0,4.03,16.18,16407.0,1.73,8,"CO,DE,FL,NV,NH,OR,RI,VT"
135,South,1888,130.0,2752859,3688831.0,24.17,96.93,21176.0,1.34,13,"AL,AR,GA,KY,LA,MD,MS,NC,SC,TN,TX,VA,WV"
136,West,1888,8.0,251339,226205.0,2.21,8.85,31417.0,0.9,1,CA
137,Nat'l Average,1888,401.0,11388846,11388846.0,100.0,401.0,28401.0,1.0,38,All 37
138,Midwest,1892,145.0,4892127,3962623.0,40.54,179.99,33739.0,0.81,10,"IL,IN,IA,KS,MI,MN,MO,NE,OH,WI"
139,Northeast,1892,105.0,3349500,2847075.0,27.76,123.23,31900.0,0.85,6,"CT,ME,MA,NJ,NY,PA"
140,Small,1892,50.0,729490,1356851.0,6.04,26.84,14590.0,1.86,14,"CO,DE,FL,ID,MT,NV,NH,ND,OR,RI,SD,VT,WA,WY"
141,South,1892,135.0,2827301,3675491.0,23.43,104.02,20943.0,1.3,13,"AL,AR,GA,KY,LA,MD,MS,NC,SC,TN,TX,VA,WV"
142,West,1892,9.0,269609,245344.0,2.23,9.92,29957.0,0.91,1,CA
143,Nat'l Average,1892,444.0,12068027,12068027.0,100.0,444.0,27180.0,1.0,44,All 43
144,Midwest,1896,145.0,5830221,4547572.0,41.83,186.97,40208.0,0.78,10,"IL,IN,IA,KS,MI,MN,MO,NE,OH,WI"
145,Northeast,1896,105.0,3683819,3278599.0,26.43,118.14,35084.0,0.89,6,"CT,ME,MA,NJ,NY,PA"
146,Small,1896,53.0,990599,1654300.0,7.11,31.77,18691.0,1.67,15,"CO,DE,FL,ID,MT,NV,NH,ND,OR,RI,SD,UT,VT,WA,WY"
147,South,1896,135.0,3135616,4201725.0,22.5,100.56,23227.0,1.34,13,"AL,AR,GA,KY,LA,MD,MS,NC,SC,TN,TX,VA,WV"
148,West,1896,9.0,298419,280514.0,2.14,9.57,33158.0,0.94,1,CA
149,Nat'l Average,1896,447.0,13938674,13938674.0,100.0,447.0,31183.0,1.0,45,All 44
150,Midwest,1900,145.0,5948462,4520831.0,42.5,189.96,41024.0,0.76,10,"IL,IN,IA,KS,MI,MN,MO,NE,OH,WI"
151,Northeast,1900,105.0,3822994,3287775.0,27.31,122.09,36409.0,0.86,6,"CT,ME,MA,NJ,NY,PA"
152,Small,1900,53.0,1129127,1659817.0,8.07,36.06,21304.0,1.47,15,"CO,DE,FL,ID,MT,NV,NH,ND,OR,RI,SD,UT,VT,WA,WY"
153,South,1900,135.0,2794528,4219737.0,19.96,89.24,20700.0,1.51,13,"AL,AR,GA,KY,LA,MD,MS,NC,SC,TN,TX,VA,WV"
154,West,1900,9.0,302318,281156.0,2.16,9.65,33591.0,0.93,1,CA
155,Nat'l Average,1900,447.0,13997429,13997429.0,100.0,447.0,31314.0,1.0,45,All 44
156,Midwest,1904,152.0,5708652,4338576.0,42.21,200.91,37557.0,0.76,10,"IL,IN,IA,KS,MI,MN,MO,NE,OH,WI"
157,Northeast,1904,114.0,4020315,3256455.0,29.72,141.49,35266.0,0.81,6,"CT,ME,MA,NJ,NY,PA"
158,Small,1904,42.0,797641,1196462.0,5.9,28.07,18991.0,1.5,12,"DE,ID,MT,NV,NH,ND,OR,RI,SD,UT,VT,WY"
159,South,1904,148.0,2277791,4213913.0,16.84,80.16,15390.0,1.85,14,"AL,AR,FL,GA,KY,LA,MD,MS,NC,SC,TN,TX,VA,WV"
160,West,1904,20.0,720696,569350.0,5.33,25.36,36035.0,0.79,3,"CA,CO,WA"
161,Nat'l Average,1904,476.0,13525095,13525095.0,100.0,476.0,28414.0,1.0,45,All 44
162,Midwest,1908,152.0,6178948,4696000.0,41.5,200.44,40651.0,0.76,10,"IL,IN,IA,KS,MI,MN,MO,NE,OH,WI"
163,Northeast,1908,114.0,4126169,3507244.0,27.71,133.85,36194.0,0.85,6,"CT,ME,MA,NJ,NY,PA"
164,Small,1908,42.0,919656,1296715.0,6.18,29.83,21897.0,1.41,12,"DE,ID,MT,NV,NH,ND,OR,RI,SD,UT,VT,WY"
165,South,1908,155.0,2832066,4786192.0,19.02,91.87,18271.0,1.69,15,"AL,AR,FL,GA,KY,LA,MD,MS,NC,OK,SC,TN,TX,VA,WV"
166,West,1908,20.0,834334,617407.0,5.6,27.07,41717.0,0.74,3,"CA,CO,WA"
167,Nat'l Average,1908,483.0,14889239,14889239.0,100.0,483.0,30827.0,1.0,46,All 45
168,Midwest,1912,167.0,6131709,4721416.0,40.76,216.42,36717.0,0.77,12,"IL,IN,IA,KS,MI,MN,MO,NE,ND,OH,SD,WI"
169,Northeast,1912,133.0,4124778,3753548.0,27.42,145.59,31013.0,0.91,7,"CT,ME,MA,NJ,NY,PA,RI"
170,Small,1912,35.0,632971,993764.0,4.21,22.34,18085.0,1.57,10,"AZ,DE,ID,MT,NV,NH,NM,UT,VT,WY"
171,South,1912,165.0,2754579,4682784.0,18.31,97.23,16694.0,1.7,15,"AL,AR,FL,GA,KY,LA,MD,MS,NC,OK,SC,TN,TX,VA,WV"
172,West,1912,31.0,1400246,882155.0,9.31,49.42,45169.0,0.63,4,"CA,CO,OR,WA"
173,Nat'l Average,1912,531.0,15044278,15044278.0,100.0,531.0,28332.0,1.0,48,All 47
174,Midwest,1916,167.0,8024283,5857727.0,43.29,229.86,48050.0,0.73,12,"IL,IN,IA,KS,MI,MN,MO,NE,ND,OH,SD,WI"
175,Northeast,1916,133.0,4467763,4646474.0,24.1,127.98,33592.0,1.04,7,"CT,ME,MA,NJ,NY,PA,RI"
176,Small,1916,35.0,870816,1219142.0,4.7,24.95,24880.0,1.4,10,"AZ,DE,ID,MT,NV,NH,NM,UT,VT,WY"
177,South,1916,165.0,3237101,5762040.0,17.46,92.73,19619.0,1.78,15,"AL,AR,FL,GA,KY,LA,MD,MS,NC,OK,SC,TN,TX,VA,WV"
178,West,1916,31.0,1936622,1084508.0,10.45,55.48,62472.0,0.56,4,"CA,CO,OR,WA"
179,Nat'l Average,1916,531.0,18536585,18536585.0,100.0,531.0,34909.0,1.0,48,All 47
180,Midwest,1920,167.0,11433816,8461024.0,42.72,226.84,68466.0,0.74,12,"IL,IN,IA,KS,MI,MN,MO,NE,ND,OH,SD,WI"
181,Northeast,1920,133.0,7380129,6715917.0,27.57,146.42,55490.0,0.91,7,"CT,ME,MA,NJ,NY,PA,RI"
182,Small,1920,35.0,1058248,1767274.0,3.95,20.99,30236.0,1.67,10,"AZ,DE,ID,MT,NV,NH,NM,UT,VT,WY"
183,South,1920,165.0,5019647,8332614.0,18.75,99.59,30422.0,1.66,15,"AL,AR,FL,GA,KY,LA,MD,MS,NC,OK,SC,TN,TX,VA,WV"
184,West,1920,31.0,1873340,1554872.0,7.0,37.17,60430.0,0.83,4,"CA,CO,OR,WA"
185,Nat'l Average,1920,531.0,26765180,26765180.0,100.0,531.0,50405.0,1.0,48,All 47
186,Midwest,1924,167.0,12396579,9173468.0,42.6,226.23,74231.0,0.74,12,"IL,IN,IA,KS,MI,MN,MO,NE,ND,OH,SD,WI"
187,Northeast,1924,133.0,8427307,7247484.0,28.96,153.79,63363.0,0.86,7,"CT,ME,MA,NJ,NY,PA,RI"
188,Small,1924,35.0,1131891,1912896.0,3.89,20.66,32340.0,1.69,10,"AZ,DE,ID,MT,NV,NH,NM,UT,VT,WY"
189,South,1924,165.0,4816133,9054330.0,16.55,87.89,29189.0,1.88,15,"AL,AR,FL,GA,KY,LA,MD,MS,NC,OK,SC,TN,TX,VA,WV"
190,West,1924,31.0,2325197,1697394.0,7.99,42.43,75006.0,0.73,4,"CA,CO,OR,WA"
191,Nat'l Average,1924,531.0,29097107,29097107.0,100.0,531.0,54797.0,1.0,48,All 47
192,Midwest,1928,167.0,14669324,11588766.0,39.85,211.63,87840.0,0.79,12,"IL,IN,IA,KS,MI,MN,MO,NE,ND,OH,SD,WI"
193,Northeast,1928,133.0,11734650,9270374.0,31.88,169.29,88230.0,0.79,7,"CT,ME,MA,NJ,NY,PA,RI"
194,Small,1928,35.0,1284611,2427915.0,3.49,18.53,36703.0,1.89,10,"AZ,DE,ID,MT,NV,NH,NM,UT,VT,WY"
195,South,1928,165.0,6108747,11423357.0,16.6,88.13,37023.0,1.87,15,"AL,AR,FL,GA,KY,LA,MD,MS,NC,OK,SC,TN,TX,VA,WV"
196,West,1928,31.0,3009680,2136873.0,8.18,43.42,97086.0,0.71,4,"CA,CO,OR,WA"
197,Nat'l Average,1928,531.0,36807012,36807012.0,100.0,531.0,69316.0,1.0,48,All 47
198,Midwest,1932,153.0,15385693,11385413.0,38.7,205.52,100560.0,0.74,10,"IL,IN,IA,KS,MI,MN,MO,NE,OH,WI"
199,Northeast,1932,129.0,11650039,9669532.0,29.31,155.62,90310.0,0.83,6,"CT,ME,MA,NJ,NY,PA"
200,Small,1932,46.0,2284230,3449187.0,5.75,30.51,49657.0,1.51,13,"AZ,DE,ID,MT,NV,NH,NM,ND,RI,SD,UT,VT,WY"
201,South,1932,162.0,6722652,12100774.0,16.91,89.8,41498.0,1.8,15,"AL,AR,FL,GA,KY,LA,MD,MS,NC,OK,SC,TN,TX,VA,WV"
202,West,1932,41.0,3709284,3078706.0,9.33,49.55,90470.0,0.83,4,"CA,CO,OR,WA"
203,Nat'l Average,1932,531.0,39751898,39751898.0,100.0,531.0,74862.0,1.0,48,All 47
204,Midwest,1936,153.0,17258046,13116115.0,37.81,200.75,112798.0,0.76,10,"IL,IN,IA,KS,MI,MN,MO,NE,OH,WI"
205,Northeast,1936,129.0,14390581,11080747.0,31.53,167.4,111555.0,0.77,6,"CT,ME,MA,NJ,NY,PA"
206,Small,1936,46.0,2458147,3957617.0,5.39,28.59,53438.0,1.61,13,"AZ,DE,ID,MT,NV,NH,NM,ND,RI,SD,UT,VT,WY"
207,South,1936,162.0,7307370,13957077.0,16.01,85.0,45107.0,1.91,15,"AL,AR,FL,GA,KY,LA,MD,MS,NC,OK,SC,TN,TX,VA,WV"
208,West,1936,41.0,4233925,3514158.0,9.28,49.25,103266.0,0.83,4,"CA,CO,OR,WA"
209,Nat'l Average,1936,531.0,45647699,45647699.0,100.0,531.0,85966.0,1.0,48,All 47
210,Midwest,1940,153.0,18588567,14313197.0,37.25,197.8,121494.0,0.77,10,"IL,IN,IA,KS,MI,MN,MO,NE,OH,WI"
211,Northeast,1940,129.0,15483859,12077410.0,31.03,164.76,120030.0,0.78,6,"CT,ME,MA,NJ,NY,PA"
212,Small,1940,46.0,2654776,4327285.0,5.32,28.25,57713.0,1.63,13,"AZ,DE,ID,MT,NV,NH,NM,ND,RI,SD,UT,VT,WY"
213,South,1940,162.0,8082043,15194241.0,16.2,86.0,49889.0,1.88,15,"AL,AR,FL,GA,KY,LA,MD,MS,NC,OK,SC,TN,TX,VA,WV"
214,West,1940,41.0,5092868,3870580.0,10.21,54.19,124216.0,0.76,4,"CA,CO,OR,WA"
215,Nat'l Average,1940,531.0,49902113,49902113.0,100.0,531.0,93978.0,1.0,48,All 47
216,Midwest,1944,147.0,17453087,13264346.0,36.38,193.17,118728.0,0.76,10,"IL,IN,IA,KS,MI,MN,MO,NE,OH,WI"
217,Northeast,1944,127.0,15164399,11524943.0,31.61,167.84,119405.0,0.76,6,"CT,ME,MA,NJ,NY,PA"
218,Small,1944,48.0,2341298,4331401.0,4.88,25.91,48777.0,1.85,13,"AZ,DE,ID,MT,NV,NH,NM,ND,RI,SD,UT,VT,WY"
219,South,1944,164.0,7655890,14852427.0,15.96,84.73,46682.0,1.94,15,"AL,AR,FL,GA,KY,LA,MD,MS,NC,OK,SC,TN,TX,VA,WV"
220,West,1944,45.0,5362389,4075416.0,11.18,59.35,119164.0,0.76,4,"CA,CO,OR,WA"
221,Nat'l Average,1944,531.0,47977063,47977063.0,100.0,531.0,90352.0,1.0,48,All 47
222,Midwest,1948,147.0,17069617,13484997.0,34.98,185.76,116120.0,0.79,10,"IL,IN,IA,KS,MI,MN,MO,NE,OH,WI"
223,Northeast,1948,127.0,15117491,11640468.0,30.98,164.52,119035.0,0.77,6,"CT,ME,MA,NJ,NY,PA"
224,Small,1948,48.0,2535487,4411747.0,5.2,27.59,52823.0,1.74,13,"AZ,DE,ID,MT,NV,NH,NM,ND,RI,SD,UT,VT,WY"
225,South,1948,164.0,8105026,15075348.0,16.61,88.2,49421.0,1.86,15,"AL,AR,FL,GA,KY,LA,MD,MS,NC,OK,SC,TN,TX,VA,WV"
226,West,1948,45.0,5965914,4116481.0,12.23,64.92,132576.0,0.69,4,"CA,CO,OR,WA"
227,Nat'l Average,1948,531.0,48793535,48793535.0,100.0,531.0,91890.0,1.0,48,All 47
228,Midwest,1952,145.0,20589247,16883183.0,33.34,177.04,141995.0,0.82,10,"IL,IN,IA,KS,MI,MN,MO,NE,OH,WI"
229,Northeast,1952,122.0,17960859,14189079.0,29.09,154.44,147220.0,0.79,6,"CT,ME,MA,NJ,NY,PA"
230,Small,1952,48.0,3160881,5594759.0,5.12,27.18,65852.0,1.77,13,"AZ,DE,ID,MT,NV,NH,NM,ND,RI,SD,UT,VT,WY"
231,South,1952,163.0,12271482,18898082.0,19.87,105.52,75285.0,1.54,15,"AL,AR,FL,GA,KY,LA,MD,MS,NC,OK,SC,TN,TX,VA,WV"
232,West,1952,53.0,7769473,6137884.0,12.58,66.81,146594.0,0.79,4,"CA,CO,OR,WA"
233,Nat'l Average,1952,531.0,61751942,61751942.0,100.0,531.0,116294.0,1.0,48,All 47
234,Midwest,1956,145.0,20565816,16863969.0,33.16,176.08,141833.0,0.82,10,"IL,IN,IA,KS,MI,MN,MO,NE,OH,WI"
235,Northeast,1956,122.0,17971008,14197096.0,28.98,153.86,147303.0,0.79,6,"CT,ME,MA,NJ,NY,PA"
236,Small,1956,48.0,3176487,5590617.0,5.12,27.2,66177.0,1.76,13,"AZ,DE,ID,MT,NV,NH,NM,ND,RI,SD,UT,VT,WY"
237,South,1956,163.0,12292102,19052758.0,19.82,105.24,75412.0,1.55,15,"AL,AR,FL,GA,KY,LA,MD,MS,NC,OK,SC,TN,TX,VA,WV"
238,West,1956,53.0,8015915,6172255.0,12.92,68.63,151244.0,0.77,4,"CA,CO,OR,WA"
239,Nat'l Average,1956,531.0,62021328,62021328.0,100.0,531.0,116801.0,1.0,48,All 47
240,Midwest,1960,145.0,22393846,18586892.0,32.53,174.71,154440.0,0.83,10,"IL,IN,IA,KS,MI,MN,MO,NE,OH,WI"
241,Northeast,1960,122.0,19184861,15731586.0,27.87,149.67,157253.0,0.82,6,"CT,ME,MA,NJ,NY,PA"
242,Small,1960,54.0,3806073,6927053.0,5.53,29.69,70483.0,1.82,15,"AK,AZ,DE,HI,ID,MT,NV,NH,NM,ND,RI,SD,UT,VT,WY"
243,South,1960,163.0,14186885,20854721.0,20.61,110.68,87036.0,1.47,15,"AL,AR,FL,GA,KY,LA,MD,MS,NC,OK,SC,TN,TX,VA,WV"
244,West,1960,53.0,9260817,6760396.0,13.45,72.25,174732.0,0.73,4,"CA,CO,OR,WA"
245,Nat'l Average,1960,537.0,68832482,68832482.0,100.0,537.0,128180.0,1.0,50,All 49
246,Midwest,1964,141.0,21657495,18408871.0,30.66,164.95,153599.0,0.85,10,"IL,IN,IA,KS,MI,MN,MO,NE,OH,WI"
247,Northeast,1964,111.0,18398851,14535092.0,26.05,140.13,165755.0,0.79,5,"CT,MA,NJ,NY,PA"
248,Small,1964,58.0,4023372,7604173.0,5.7,30.64,69368.0,1.89,16,"AK,DE,DC,HI,ID,ME,MT,NV,NH,NM,ND,RI,SD,UT,VT,WY"
249,South,1964,162.0,16199363,21221166.0,22.93,123.38,99996.0,1.31,15,"AL,AR,FL,GA,KY,LA,MD,MS,NC,OK,SC,TN,TX,VA,WV"
250,West,1964,66.0,10360203,8702571.0,14.67,78.9,156973.0,0.84,5,"AZ,CA,CO,OR,WA"
251,Nat'l Average,1964,538.0,70639284,70639284.0,100.0,538.0,131300.0,1.0,51,All 50 + DC
252,Midwest,1968,141.0,21676409,19292004.0,29.61,159.32,153733.0,0.89,10,"IL,IN,IA,KS,MI,MN,MO,NE,OH,WI"
253,Northeast,1968,111.0,18001373,15121153.0,24.59,132.31,162175.0,0.84,5,"CT,MA,NJ,NY,PA"
254,Small,1968,58.0,4066841,7889672.0,5.56,29.89,70118.0,1.94,16,"AK,DE,DC,HI,ID,ME,MT,NV,NH,NM,ND,RI,SD,UT,VT,WY"
255,South,1968,162.0,18781750,21974648.0,25.66,138.04,115937.0,1.17,15,"AL,AR,FL,GA,KY,LA,MD,MS,NC,OK,SC,TN,TX,VA,WV"
256,West,1968,66.0,10673625,8965845.0,14.58,78.45,161722.0,0.84,5,"AZ,CA,CO,OR,WA"
257,Nat'l Average,1968,538.0,73199998,73199998.0,100.0,538.0,136059.0,1.0,51,All 50 + DC
258,Midwest,1972,138.0,22599336,19887416.0,29.07,156.39,163763.0,0.88,10,"IL,IN,IA,KS,MI,MN,MO,NE,OH,WI"
259,Northeast,1972,107.0,18594197,15433184.0,23.92,128.67,173778.0,0.83,5,"CT,MA,NJ,NY,PA"
260,Small,1972,57.0,4526165,8237620.0,5.82,31.32,79406.0,1.82,16,"AK,DE,DC,HI,ID,ME,MT,NV,NH,NM,ND,RI,SD,UT,VT,WY"
261,South,1972,163.0,19650285,23580342.0,25.28,135.98,120554.0,1.2,15,"AL,AR,FL,GA,KY,LA,MD,MS,NC,OK,SC,TN,TX,VA,WV"
262,West,1972,73.0,12374044,10517937.0,15.92,85.63,169507.0,0.85,5,"AZ,CA,CO,OR,WA"
263,Nat'l Average,1972,538.0,77744027,77744027.0,100.0,538.0,144506.0,1.0,51,All 50 + DC
264,Midwest,1976,138.0,23554503,20963508.0,28.89,155.43,170685.0,0.89,10,"IL,IN,IA,KS,MI,MN,MO,NE,OH,WI"
265,Northeast,1976,107.0,18089567,16280610.0,22.19,119.37,169061.0,0.9,5,"CT,MA,NJ,NY,PA"
266,Small,1976,57.0,4824835,8636455.0,5.92,31.84,84646.0,1.79,16,"AK,DE,DC,HI,ID,ME,MT,NV,NH,NM,ND,RI,SD,UT,VT,WY"
267,South,1976,163.0,22786298,24609202.0,27.95,150.36,139793.0,1.08,15,"AL,AR,FL,GA,KY,LA,MD,MS,NC,OK,SC,TN,TX,VA,WV"
268,West,1976,73.0,12276381,11048743.0,15.06,81.01,168170.0,0.9,5,"AZ,CA,CO,OR,WA"
269,Nat'l Average,1976,538.0,81531584,81531584.0,100.0,538.0,151546.0,1.0,51,All 50 + DC
270,Midwest,1980,138.0,24548390,22093551.0,28.38,152.67,177887.0,0.9,10,"IL,IN,IA,KS,MI,MN,MO,NE,OH,WI"
271,Northeast,1980,107.0,17669727,17139635.0,20.43,109.89,165138.0,0.97,5,"CT,MA,NJ,NY,PA"
272,Small,1980,57.0,5323266,9156018.0,6.15,33.11,93391.0,1.72,16,"AK,DE,DC,HI,ID,ME,MT,NV,NH,NM,ND,RI,SD,UT,VT,WY"
273,South,1980,163.0,25398962,26160931.0,29.36,157.95,155822.0,1.03,15,"AL,AR,FL,GA,KY,LA,MD,MS,NC,OK,SC,TN,TX,VA,WV"
274,West,1980,73.0,13569333,11805320.0,15.69,84.39,185881.0,0.87,5,"AZ,CA,CO,OR,WA"
275,Nat'l Average,1980,538.0,86509678,86509678.0,100.0,538.0,160799.0,1.0,51,All 50 + DC
276,Midwest,1984,131.0,24814556,22581246.0,26.78,144.09,189424.0,0.91,10,"IL,IN,IA,KS,MI,MN,MO,NE,OH,WI"
277,Northeast,1984,98.0,18895928,16817376.0,20.39,109.72,192816.0,0.89,5,"CT,MA,NJ,NY,PA"
278,Small,1984,49.0,4494456,8449577.0,4.85,26.1,91724.0,1.88,14,"AK,DE,DC,HI,ID,ME,MT,NV,NH,ND,RI,SD,VT,WY"
279,South,1984,171.0,28367129,29501814.0,30.62,164.72,165890.0,1.04,15,"AL,AR,FL,GA,KY,LA,MD,MS,NC,OK,SC,TN,TX,VA,WV"
280,West,1984,89.0,16081164,15277106.0,17.36,93.38,180687.0,0.95,7,"AZ,CA,CO,NM,OR,UT,WA"
281,Nat'l Average,1984,538.0,92653233,92653233.0,100.0,538.0,172218.0,1.0,51,All 50 + DC
282,Midwest,1988,131.0,24053259,22369531.0,26.26,141.28,183613.0,0.93,10,"IL,IN,IA,KS,MI,MN,MO,NE,OH,WI"
283,Northeast,1988,98.0,18197686,16741871.0,19.87,106.89,185691.0,0.92,5,"CT,MA,NJ,NY,PA"
284,Small,1988,49.0,4562370,8349137.0,4.98,26.8,93110.0,1.83,14,"AK,DE,DC,HI,ID,ME,MT,NV,NH,ND,RI,SD,VT,WY"
285,South,1988,171.0,28114798,29239390.0,30.69,165.14,164414.0,1.04,15,"AL,AR,FL,GA,KY,LA,MD,MS,NC,OK,SC,TN,TX,VA,WV"
286,West,1988,89.0,16666573,15166581.0,18.2,97.89,187265.0,0.91,7,"AZ,CA,CO,NM,OR,UT,WA"
287,Nat'l Average,1988,538.0,91594686,91594686.0,100.0,538.0,170250.0,1.0,51,All 50 + DC
288,Midwest,1992,123.0,27092143,23841086.0,25.94,139.58,220261.0,0.88,10,"IL,IN,IA,KS,MI,MN,MO,NE,OH,WI"
289,Northeast,1992,91.0,19620235,17658212.0,18.79,101.08,215607.0,0.9,5,"CT,MA,NJ,NY,PA"
290,Small,1992,48.0,5351718,9311989.0,5.12,27.57,111494.0,1.74,14,"AK,DE,DC,HI,ID,ME,MT,NV,NH,ND,RI,SD,VT,WY"
291,South,1992,178.0,33107728,34432037.0,31.71,170.57,185998.0,1.04,15,"AL,AR,FL,GA,KY,LA,MD,MS,NC,OK,SC,TN,TX,VA,WV"
292,West,1992,98.0,19252099,19059578.0,18.44,99.19,196450.0,0.99,7,"AZ,CA,CO,NM,OR,UT,WA"
293,Nat'l Average,1992,538.0,104423923,104423923.0,100.0,538.0,194097.0,1.0,51,All 50 + DC
294,Midwest,1996,123.0,24363175,21926858.0,25.31,136.14,198075.0,0.9,10,"IL,IN,IA,KS,MI,MN,MO,NE,OH,WI"
295,Northeast,1996,91.0,17847453,16241182.0,18.54,99.73,196126.0,0.91,5,"CT,MA,NJ,NY,PA"
296,Small,1996,48.0,4977183,8610527.0,5.17,27.81,103691.0,1.73,14,"AK,DE,DC,HI,ID,ME,MT,NV,NH,ND,RI,SD,VT,WY"
297,South,1996,178.0,31299697,31925691.0,32.51,174.91,175841.0,1.02,15,"AL,AR,FL,GA,KY,LA,MD,MS,NC,OK,SC,TN,TX,VA,WV"
298,West,1996,98.0,17787893,17610014.0,18.48,99.4,181509.0,0.99,7,"AZ,CA,CO,NM,OR,UT,WA"
299,Nat'l Average,1996,538.0,96275401,96275401.0,100.0,538.0,178951.0,1.0,51,All 50 + DC
300,Midwest,2000,123.0,26361367,23988844.0,25.01,134.55,214320.0,0.91,10,"IL,IN,IA,KS,MI,MN,MO,NE,OH,WI"
301,Northeast,2000,91.0,19084853,17748913.0,18.11,97.41,209724.0,0.93,5,"CT,MA,NJ,NY,PA"
302,Small,2000,48.0,5451809,9377111.0,5.17,27.83,113579.0,1.72,14,"AK,DE,DC,HI,ID,ME,MT,NV,NH,ND,RI,SD,VT,WY"
303,South,2000,178.0,34877071,34877071.0,33.09,178.02,195939.0,1.0,15,"AL,AR,FL,GA,KY,LA,MD,MS,NC,OK,SC,TN,TX,VA,WV"
304,West,2000,98.0,19630000,19237400.0,18.62,100.19,200306.0,0.98,7,"AZ,CA,CO,NM,OR,UT,WA"
305,Nat'l Average,2000,538.0,105405100,105405100.0,100.0,538.0,195920.0,1.0,51,All 50 + DC
306,Midwest,2004,118.0,30239092,26912792.0,24.73,133.03,256263.0,0.89,10,"IL,IN,IA,KS,MI,MN,MO,NE,OH,WI"
307,Northeast,2004,86.0,21263474,19562396.0,17.39,93.54,247250.0,0.92,5,"CT,MA,NJ,NY,PA"
308,Small,2004,44.0,5505688,10020352.0,4.5,24.22,125129.0,1.82,13,"AK,DE,DC,HI,ID,ME,MT,NH,ND,RI,SD,VT,WY"
309,South,2004,183.0,41512723,41512723.0,33.94,182.62,226845.0,1.0,15,"AL,AR,FL,GA,KY,LA,MD,MS,NC,OK,SC,TN,TX,VA,WV"
310,West,2004,107.0,23773869,24249346.0,19.44,104.59,222186.0,1.02,8,"AZ,CA,CO,NV,NM,OR,UT,WA"
311,Nat'l Average,2004,538.0,122294846,122294846.0,100.0,538.0,227314.0,1.0,51,All 50 + DC
312,Midwest,2008,118.0,31376808,28866663.0,23.89,128.55,265905.0,0.92,10,"IL,IN,IA,KS,MI,MN,MO,NE,OH,WI"
313,Northeast,2008,86.0,22250222,20915209.0,16.94,91.16,258724.0,0.94,5,"CT,MA,NJ,NY,PA"
314,Small,2008,44.0,5795653,10721958.0,4.41,23.75,131719.0,1.85,13,"AK,DE,DC,HI,ID,ME,MT,NH,ND,RI,SD,VT,WY"
315,South,2008,183.0,46019182,44638607.0,35.05,188.54,251471.0,0.97,15,"AL,AR,FL,GA,KY,LA,MD,MS,NC,OK,SC,TN,TX,VA,WV"
316,West,2008,107.0,25871955,26130675.0,19.7,106.0,241794.0,1.01,8,"AZ,CA,CO,NV,NM,OR,UT,WA"
317,Nat'l Average,2008,538.0,131313820,131313820.0,100.0,538.0,244078.0,1.0,51,All 50 + DC
318,Midwest,2012,112.0,30477204,26819940.0,23.61,127.02,272118.0,0.88,10,"IL,IN,IA,KS,MI,MN,MO,NE,OH,WI"
319,Northeast,2012,81.0,21201848,19505700.0,16.42,88.36,261751.0,0.92,5,"CT,MA,NJ,NY,PA"
320,Small,2012,44.0,5684193,10572599.0,4.4,23.69,129186.0,1.86,13,"AK,DE,DC,HI,ID,ME,MT,NH,ND,RI,SD,VT,WY"
321,South,2012,190.0,46083940,45623101.0,35.7,192.07,242547.0,0.99,15,"AL,AR,FL,GA,KY,LA,MD,MS,NC,OK,SC,TN,TX,VA,WV"
322,West,2012,111.0,25638221,26663750.0,19.86,106.85,230975.0,1.04,8,"AZ,CA,CO,NV,NM,OR,UT,WA"
323,Nat'l Average,2012,538.0,129085410,129085410.0,100.0,538.0,239936.0,1.0,51,All 50 + DC
324,Midwest,2016,112.0,30891381,28420071.0,22.6,121.6,275816.0,0.92,10,"IL,IN,IA,KS,MI,MN,MO,NE,OH,WI"
325,Northeast,2016,81.0,22730943,20685158.0,16.63,89.48,280629.0,0.91,5,"CT,MA,NJ,NY,PA"
326,Small,2016,44.0,5931765,11151718.0,4.34,23.35,134813.0,1.88,13,"AK,DE,DC,HI,ID,ME,MT,NH,ND,RI,SD,VT,WY"
327,South,2016,190.0,49206652,48222519.0,36.0,193.7,258982.0,0.98,15,"AL,AR,FL,GA,KY,LA,MD,MS,NC,OK,SC,TN,TX,VA,WV"
328,West,2016,111.0,27908496,28187581.0,20.42,109.86,251428.0,1.01,8,"AZ,CA,CO,NV,NM,OR,UT,WA"
329,Nat'l Average,2016,538.0,136669276,136669276.0,100.0,538.0,254032.0,1.0,51,All 50 + DC
330,Midwest,2020,107.0,33192708,31533073.0,20.96,112.75,310212.0,0.95,9,"IL,IN,IA,KS,MI,MN,MO,OH,WI"
331,Northeast,2020,81.0,25515137,23729077.0,16.11,86.67,315002.0,0.93,5,"CT,MA,NJ,NY,PA"
332,Small,2020,44.0,7782663,12919221.0,4.91,26.44,176879.0,1.66,14,"AK,DE,DC,HI,ID,ME,MT,NE,NH,ND,RI,SD,VT,WY"
333,South,2020,190.0,57466271,55742283.0,36.28,195.21,302454.0,0.97,15,"AL,AR,FL,GA,KY,LA,MD,MS,NC,OK,SC,TN,TX,VA,WV"
334,West,2020,111.0,34424759,32703521.0,21.74,116.94,310133.0,0.95,8,"AZ,CA,CO,NV,NM,OR,UT,WA"
335,Nat'l Average,2020,538.0,158381538,158381538.0,100.0,538.0,294389.0,1.0,51,All 50 + DC
